,original_firstorder_Entropy,original_GLCM_Joint_Energy,wavelet-HLL_gldm_SmallDependenceEmphasis,wavelet-LHL_firstorder_Kurtosis,lbp-3D-k_glcm_Contrast,log-sigma-1-0-mm-3D_glcm_Imc2,wavelet-HHL_glszm_SmallAreaEmphasis,lbp-3D-k_firstorder_Variance,original_glszm_LargeAreaLowGrayLevelEmphasis,wavelet-HHL_glszm_ZonePercentage,log-sigma-1-0-mm-3D_glcm_Imc1,wavelet-HHL_glcm_Imc2,lbp-3D-k_firstorder_90Percentile,log-sigma-3-0-mm-3D_gldm_DependenceVariance,wavelet-LHH_firstorder_Kurtosis,wavelet-LHH_glcm_Imc2,lbp-3D-m2_firstorder_Kurtosis,wavelet-LHH_gldm_HighGrayLevelEmphasis,wavelet-HHL_glcm_DifferenceVariance,lbp-3D-k_glcm_Correlation,log-sigma-3-0-mm-3D_glszm_SmallAreaLowGrayLevelEmphasis,wavelet-HHL_glcm_SumSquares,log-sigma-3-0-mm-3D_firstorder_Kurtosis,wavelet-HLL_glszm_ZonePercentage,log-sigma-2-0-mm-3D_glszm_SizeZoneNonUniformity,log-sigma-3-0-mm-3D_gldm_LargeDependenceEmphasis,original_glszm_SizeZoneNonUniformityNormalized,original_gldm_DependenceVariance,original_glszm_LargeAreaEmphasis,wavelet-HHL_glszm_SmallAreaLowGrayLevelEmphasis,wavelet-LHL_glszm_SmallAreaEmphasis,log-sigma-2-0-mm-3D_glszm_SmallAreaHighGrayLevelEmphasis,log-sigma-1-0-mm-3D_glcm_ClusterProminence,original_shape_Maximum2DDiameterRow,wavelet-LLL_firstorder_Entropy,wavelet-LHH_glrlm_ShortRunHighGrayLevelEmphasis,gradient_firstorder_Kurtosis,log-sigma-2-0-mm-3D_firstorder_Median,log-sigma-2-0-mm-3D_glcm_Imc1,original_firstorder_Kurtosis
0,0.23046519282319616,0.4315581316222536,0.29043326013795,0.5682524099751883,0.4524861087550495,0.6242516893942668,0.5384189343978056,0.8567352922590752,0.7088148135584273,0.2193238864604287,0.38035134780121577,0.7126855384101909,0.22316412800796875,0.8946486988765688,0.6045883828063623,0.8198471112798381,0.798053106176201,0.3109798035815561,0.4878219343536249,0.5332725022553263,0.7032231190917106,0.048208090766425384,0.6128332040982205,0.6636443927433213,0.4550348450473236,0.0981884734714078,0.5559704089368662,0.2618892015802053,0.0,0.2975868041424711,0.3254111110614029,0.8144158562226669,0.7024434370371316,0.5452244042702501,0.3232891284104266,0.3421354918367299,0.5681604131547342,0.6057266824180949,0.4288276171104466,0.5835034149811434
1,0.17759867068451046,0.4445908960530384,0.5678143046228126,0.554010807462014,0.5571580062944163,0.4948152274370321,0.6213064462239779,0.43767794114567227,0.7019096105794352,0.28548661066907643,0.07356580417785065,0.34627533200995264,0.7176558457945741,0.5445858476934278,0.602324223174307,0.2323833776069551,0.5355817417343214,0.7090372680794421,0.2313811538068538,0.500678229707947,0.5017268093282248,0.5231585176388319,0.5434023230639227,0.30174887992818833,0.5415939621102368,0.9218000856283792,0.11754122849839288,0.1409794095586129,0.4104652720899461,0.2326873392475121,0.6087704595463854,0.6890055471248645,0.5001160489754619,0.3944640935748089,0.5926062146040573,0.16633473243549635,0.5067476338784133,0.6456159864893214,0.7136626044960273,0.6067879120290071
2,0.3257514978721232,0.1657314946443185,0.3449970941529831,0.8156115356452277,0.4578138213763597,0.8536349842991551,0.7720116105996071,0.6712035746245898,0.4653476282901827,0.3108290516170084,0.7045421120758002,0.7403900168671188,0.11358610965870596,0.5404344184418994,0.5844931558954772,0.3284300405102669,0.5543197152978961,0.51378146272989,0.3929734027727102,0.6654558739264774,0.5117823161390908,0.7038080256207602,0.08850962286190152,0.6581394129539138,1.0,0.4300612606225475,0.3250246331119683,0.4753861683059759,0.5469447306158766,0.4065411806860408,0.3664335476862473,0.5977202908465661,0.6792995076162962,0.6914765288327027,0.01488932193023497,0.5380942007884798,0.8464684007364164,0.4945444638530313,0.6286536761174121,0.9422796748151704
3,0.3846629779269202,0.0,0.5634441142543621,0.32778931730341543,0.23518998437924554,0.6188177352862401,0.6883209650537073,0.3919245195242888,0.31003935752906964,0.8124771130656255,0.7880461256633161,0.5419048574791943,0.4849392720961646,0.4564890104189446,0.3787639290015964,0.6510474863536927,0.6533993447831608,0.4168216315875731,0.4500443522478927,0.8224053978704163,0.8025620577285387,0.3426448337567812,0.20093149776538247,0.0,0.6289066546964069,0.6410085475435264,0.4526240777537298,0.9151460951992668,0.6197888337854143,0.6726202154115138,0.5004856795220479,0.2064890423629785,0.08257528147056474,0.984321914525463,0.33785960130775783,0.23103585390421436,0.31705933529482505,0.7833792716856467,0.5767610256305397,0.3977863677070443
4,0.5679705194258425,0.8802623084752693,0.5638198941903652,0.8142003647539322,0.38076249899818,0.8987295972969676,0.23335542900701764,0.9362546496397792,0.6499992445801198,0.4055200251984927,0.8797963631008421,0.613005080388066,0.5914929188389708,0.7302208236421472,0.292812131124608,0.2497353975173981,0.5211012832873283,0.29031059136999465,0.4719239991049057,0.5168656909723988,0.1482322630054397,0.6895806188317524,0.6420895638507188,0.53363243300434,0.6356017988025007,0.4144670640524915,0.9324467407777188,0.541330750939856,0.716151344707167,0.6283590889341083,0.7204590327544159,0.6711600011257787,0.5215114057072546,0.7697992656470749,0.4312602661179393,0.4833630708322954,0.6502161943489145,0.6144695290469038,0.6952015449492484,0.3002645709014741
5,0.2881663947079866,0.07804330919428593,0.7367555282416481,0.7275714529925986,0.37242612805914976,0.40090003008922775,0.7192056040472173,0.7117295779526425,0.5089985256405773,0.6581638159730693,0.6395903650734924,0.3703594075735012,0.9251747259044648,0.2606018293557629,0.7310058142947091,0.3587096340241224,0.2708081351082829,0.5420358656717085,0.23328706534357474,1.0,0.3175450183253412,0.6243586318413443,0.3942181188682152,0.6719019202615774,0.5201076495465672,0.6697100996310765,0.8308855859673238,0.495385300121012,0.3829087721409378,0.6368115285455381,0.7495502542092621,0.8083087002295289,0.6333027788902448,0.30706269417575704,1.0,1.0,0.3557545882306533,0.3826437379522568,0.6603943824545577,0.4433026647585819
6,0.3271854530313225,0.4947095652934331,0.17998183956349484,0.8365265213711027,0.2716225180716231,0.8537410740048296,0.6305494175326801,0.5313652519401086,0.21016447792847884,0.17849555391904992,0.6502808921480733,0.4367099009510312,0.6106741147941469,0.4470408094161864,0.7128354068230611,0.592178303973603,0.6973973994473721,0.5242721398675677,0.4597610588120237,0.41617776191436257,0.5657217726297414,0.38482719142630056,0.5356925488083301,0.6925445992318339,0.6688009652318267,0.5989394672487225,0.5020434876332783,0.3482888651230916,0.5383916888819303,0.29248235687377044,1.0,1.0,0.5996652736479511,0.4388915489381968,0.4828525606588045,0.3225454784699765,1.0,0.618674998773129,0.4660326094614196,0.6714653618109555
7,0.0,0.16815785097458075,0.3600387426605262,0.9195604609729257,0.44945342690758017,0.4715775732711408,0.4526955930871954,0.6900848792606448,0.30010960791650465,0.6672527504309582,0.3825364245077077,0.5477500408948188,0.7085212975661627,0.2357110207266491,0.6018808364414862,0.8093013800223234,0.7027566806621178,0.3156261418766607,0.6123715376141124,0.391964745038026,0.5043225792272511,0.5518431588596209,1.0,0.8294768259289194,0.5357382228356848,0.2775545690519659,0.901204030689598,0.8970832372591597,0.7110924193114673,0.1360590668102552,0.5189061443587699,0.16370891667242551,0.6839584646862777,0.3338370917466613,0.2933467436740357,0.4970625125295362,0.8207916902961517,0.3386108901562045,0.1378314004882774,0.4810257520775939
8,0.3441391715286985,0.4106346998407307,0.2901417894449849,0.6933288096301087,0.006871937177887632,0.7850357604225587,0.6351915318042404,0.9088734732633922,0.3140479875095483,0.6694953138240377,0.5673105448035223,0.4652569958754893,0.2496448831699528,0.5388037460897263,0.7372113403839536,0.2883739641236634,0.6168514379300234,0.10033774200882717,0.3839751910870707,0.6044062761514932,0.5982989842525865,0.2385031955597357,0.7670189567550907,0.4931326353076926,0.0,0.41173431692372814,0.691335446450314,0.3217136983358655,0.5589506357863505,0.3780636356780752,0.412635037945676,0.5991956991108456,0.8180601624301891,0.7549151835639999,0.31979305349238435,0.5788873337393665,0.6099214712572829,0.5651632404443583,0.5030343504737151,0.2975200152767193
9,0.6575112540461397,0.7315216753599934,0.4729527431756537,0.7821178626400118,0.24244835539789816,0.5591705737840009,0.22400913086582772,0.9112284132625509,0.7141527920363744,0.24546720028389624,0.9848423446666766,0.2836359552694975,0.6069900896185593,0.5821847172231968,0.7109669901164811,0.48931039843252,0.4155923734410179,0.5783211544332998,0.5351318392878969,0.5764660569040913,0.698274799767069,0.5168992419167371,0.8400941435358993,0.8213781713486786,0.7513880720326598,0.41526078122921184,0.0,0.7270371999506643,0.5198442208646649,0.5087213217687481,0.7063584673687702,0.20406976513894146,0.2599186143894473,0.284732384288078,0.2651833889012261,0.5593242361932309,0.06488819121313442,0.15959973999785965,0.5747847319399391,0.7569805553428964
10,0.4127746679060101,0.41874479358013017,0.7821541125512274,0.4897643568490018,0.7656406048531001,0.5953256542043388,0.3358689012637007,0.6277014955217212,0.5777871663643694,0.274790100585856,0.4453171944817672,0.7917685473178318,0.7625247647847709,0.4301141607415077,0.6322644746955515,0.3103461832679141,0.6553301381720364,0.5901615219603804,0.8717619665013574,0.4638382407465593,0.8918532192531877,1.0,0.7994967902165079,0.2722873417854904,0.5865501869811431,1.0,0.5373642082465488,0.6416716566304328,0.5993614123535607,0.46586677539009896,0.8961975690222742,0.3143644634506316,0.55373723695435,0.9365493120958258,0.2406979292302701,0.5249005892834767,0.5262666221448907,0.615537387628845,0.12451909295360784,0.2791940444546285
11,0.6461164277182191,0.7418208155087634,0.09409421684098554,0.0,0.10758642934036104,0.7305759787230716,0.4150118869358079,0.15292301028252375,0.2454142743719926,0.3003667345003168,0.5008303737349907,0.7373980005924456,0.6477332431304841,0.3205910162235022,0.465306136281764,0.6115660383009689,0.6006194317839191,0.3177287284006686,0.5478135688117289,0.3465850101849204,0.8646566777375669,0.7346502176886968,0.7392627667209504,0.6215800522040594,0.4539810069346616,0.5736495085958148,0.6558557463585805,0.2918479964534475,0.8544832264068419,0.2771874815923106,0.4777566807225417,0.39808135615348,0.7804933554518788,0.4567958455734142,0.30622945918184524,0.35258259104325235,0.16887107104759272,0.0,0.829202081960639,0.34704900715958603
12,0.4528296390000591,0.5353460215521195,0.059333408861051526,0.9175441959359808,0.01725553830351902,0.7069607374460121,0.2846349437732581,0.6743222882442518,1.0,0.0,0.7762689839615087,0.33347735431781056,0.6423048511492323,0.3635542773030151,0.9686259359033812,0.2204856867674508,0.23667251881680346,0.4285031100504264,0.4832471628481541,0.1622840524398998,0.5503445270605891,0.4590998142896333,0.47073222319094604,0.358573814083317,0.6372386089738997,0.7895763158811048,0.6640629607173855,0.6222904959149803,0.7320365930301601,0.30625009491966115,0.3162750883614247,0.4549964573673959,0.5062615629200242,0.8249139824700964,0.4217636210145573,0.23659895234668515,0.6843247568215606,0.9236272704540034,0.5792384922071303,0.7325075230776488
13,0.04039858877075235,1.0,0.3792242706089251,0.5781242628587175,0.3328835133518638,0.20099510860198944,0.0,0.6693445415241138,0.4651894961007189,1.0,0.4789291970772075,0.2892013259741046,0.07950665303868551,0.5228589172577219,0.5692490438728033,0.3054794117594944,0.0,0.3896772777962516,0.5397153087753139,0.7615332951212063,0.4627149054335978,0.5108424116502077,0.4669631216375668,0.5649150274800109,0.6092311267144598,0.13390560395121698,0.3389138639502695,0.2946989336623235,0.5327202952764493,0.5282685454525423,0.8737048496175266,0.28458614460242565,0.5173051859037369,0.6369116164794598,0.0,0.3969306340057646,0.7238624574327512,0.4768781762042721,0.222748984641188,0.2255405206502386
14,0.476157575130326,0.9283910044764526,0.6318930533126124,0.6810912996376984,1.0,0.6337547477970332,0.5154890352299771,0.4606786462110297,0.4898878389528519,0.6262294754423445,0.4422873585433476,0.56468244755327,0.4319159495767413,0.342523611801241,0.19771341056820288,0.6180407015872931,0.33796905039543856,0.308264101994344,0.2426502918309676,0.12927711488192525,0.6089025000424784,0.914010903812626,0.5856251127922492,0.9364077395517728,0.9242769126109466,0.15712638019909184,0.3459077633707009,0.5688269279058468,0.2891897082791687,0.060047795307307424,0.39816118306270415,0.7021887100483596,0.6736672930199389,0.2044120641165344,0.41185402409258776,0.6066259478427883,0.8239801346806058,0.1454768556847327,1.0,0.6593901180932129
15,0.5531951067776746,0.008493050901977113,0.0015102992944408527,0.6769892158955451,0.3284282417786333,0.7897003405220618,0.6615107276246778,0.6831783022260801,0.5066408398703255,0.5338639808911899,0.6574281082829467,0.2732937687324328,0.6273106678297417,0.3940854055902167,0.592918021697829,0.04990606229831172,0.6381490402508609,0.4048129319282623,0.13704148240317976,0.28963914180472433,0.013316153537773582,0.9509939979001945,0.67339617961412,0.398968443121387,0.5430142093181755,0.7512646264483684,0.7529419313765227,0.7799662999606399,0.3049120779054236,0.5689892272290762,0.5974062183297889,0.7730147555915015,0.8699829091858232,0.7477014390666545,0.5595096240462477,0.3797204852252837,0.0,0.8574744877633779,0.3739069618929804,0.4237259651885146
16,0.08997065220487388,0.7168355676406053,0.6752023372811565,0.5990003223935404,0.2933912421481351,0.5529614821290851,0.7316541547315191,0.6553034605486698,0.31645084499916504,0.5502777258482737,0.22880474032370895,0.4079376714104935,0.3834733189014185,0.35857113325295376,0.2906951214408326,0.4281899781084135,0.44528846290242174,1.0,0.43310738146861705,0.8232274320145524,0.24035349790707145,0.15339455730276472,0.2213010555729252,0.5002101665903828,0.5967847649716196,0.8298080250663368,0.28332064553419684,0.4581662021251661,0.5428671843283926,0.09589740458949336,0.0,0.5559967113957186,0.2905955358061897,0.5398877940261558,0.5149710565786627,0.9116270988787618,0.3130226185822654,0.6115655973102179,0.19619674411818866,1.0
17,0.07948689912987639,0.6190700541012634,0.5768895772626664,0.7427448067826786,0.30000683087443936,0.0,0.9025086918411775,0.3239329439569921,0.7760029600754356,0.5019390520698526,0.435638927251665,0.6338969917053542,0.5783805429475839,0.3526779211464441,0.9584675639606656,0.3651275892947317,0.9072559684468352,0.276452830629742,0.29009908641732696,0.3064941161629416,0.2985116764018502,0.6206090688012713,0.7467558679617207,0.25227753259142016,0.6014701262509294,0.7412025943062833,0.6713324589305546,0.6645863140492787,0.15927796980284353,0.7065299558907318,0.465765227925002,0.5363294259548013,0.4583709206215672,0.6539474398955317,0.3791160137295132,0.918705989732466,0.2321362635247333,0.3314062114996644,0.4112828026430125,0.9795074166815596
18,0.29953390087874004,0.23587587712671496,0.5482403455207119,0.6339087637710058,0.3601287683979529,0.4469909916264032,0.9306128075571232,0.5408863102239243,0.5776947032697999,0.5542968267863805,0.6767182828994978,1.0,0.4766853269046888,0.23416433860097946,0.36509252577575385,0.681512559119611,0.6290763992308586,0.6298357433287131,0.4294650057915741,0.25342508492818416,0.3870656058293461,0.2996248934393994,0.9348394873141178,0.5539668282502861,0.4645183786047734,0.6341832027488391,0.4389032649602616,0.38939593894630986,0.5652195695101261,0.4375510678721489,0.8715063620480179,0.4381781593137473,0.7955459609167279,0.5221742251164689,0.7675843758810157,0.30329055563186524,0.4128465357398203,0.9978218950017808,0.4217781392913184,0.4458737909559997
19,0.3809092774609553,0.11665952929358643,0.33868866971985473,0.5025282044508835,0.20505821161718488,0.6669940016425384,0.4522426391772181,0.672446602591797,0.4722982557633885,0.4212566512145041,0.4838923175487919,0.4796521907664462,0.830477243930867,0.6930049860903164,0.3168963950212039,0.12570406071582613,0.2990570506393121,0.5385893329676662,1.0,0.7052768659681712,0.2352350889345686,0.4132144267756617,0.8376932563538753,0.6407069190128349,0.32113874618314703,0.4000910043014408,0.6387116070793468,0.616300343160186,0.6663155896456571,0.32657513277624634,0.5019702991135775,0.6060364071675958,0.5852243290415524,0.7953750801799252,0.6077851536295361,0.6777601401980639,0.498383806212557,0.192022369970638,0.5481832172128183,0.23704399060847384
20,0.4450577865832753,0.9229565105304004,0.4483206490542123,0.4187404403959195,0.615091632589836,0.4827170388237612,0.22463519109148725,0.5915050223725927,0.768248581546337,0.2725542754169372,0.055577062596492185,0.2260795231799584,0.6394296459072869,0.4882615943155748,0.2459021783141639,0.0,0.1760033801535527,0.05756669728111054,0.2884356822136181,0.2535987412447357,0.4655366281001424,0.6798836935134579,0.5651275077878664,0.28962040350828816,0.8842789343831121,0.5986107005749269,0.8929071976488775,0.7705710741549492,0.4602288629002764,0.7741723834864003,0.5575575088598145,0.5646052133333586,0.39422412509553867,0.7628545707969789,0.5551984568012927,0.6001775707710949,0.5833445153660439,0.3441485907571952,0.5518513035997864,0.6166450958958134
21,0.4923267170559058,0.7862126872892663,0.43943140606052256,0.7468038670142793,0.5433312286215274,0.6860359973231215,0.8452932274395646,0.4307340390681833,0.3010633760132591,0.3529637692598885,0.14178746367653508,0.7744250656253173,0.7674763767502127,0.5530178974073959,0.90715030001429,0.3347217627067792,1.0,0.8217746403736542,0.5714958634843896,0.7595675088499926,0.0,0.0,0.9797276083020464,0.4191214456517869,0.6648394104415238,0.7262970271508635,0.5657788923712831,0.8413138425922887,0.5356197645660554,0.4064159976552724,0.6205315902685409,0.3031315051464897,0.6576264829872107,0.3887722551497902,0.6526302125536871,0.42731239486335576,0.10246727609997744,0.6994567370304409,0.6207975452085067,0.5137295727221414
22,0.2574310907106959,0.018308710831800527,0.5433097833353462,0.6875933869476799,0.6462732341763753,0.5754197458743205,0.5376828203659699,0.4428202203585844,0.6128855702518381,0.8816225224102382,0.4898480847538975,0.5469474010340882,0.5584654226979575,0.3504275983477472,0.11477004657199892,0.9079710503159986,0.24541351054844066,0.2418415366809057,0.4374654547552483,0.5110737509986333,0.7501741304453127,0.2989040354855917,0.5442740988310394,0.7848793399655032,0.8746401866460621,0.9726320884665444,0.8142510694259572,0.43634770229938535,0.4393064987643889,0.0,0.22148319136827846,0.7775263157407541,0.2833729242869117,0.6423197135739467,0.33110045129259685,0.3937164865477285,0.4241786400462921,0.5874676340323727,0.7196782171255296,0.6228489266623853
23,0.31123874678809416,0.7616633881284363,0.3859546889028949,0.6538071380473833,0.5373694866353868,0.5681630430162246,0.7991676129423031,0.7525407685868529,0.6983242481148977,0.3835951001666973,0.6864540620421167,0.3093383057144975,1.0,0.5805927777649054,0.8183565957952459,1.0,0.5367412458381492,0.3960137911408477,0.7192407721145839,0.6456665628188852,0.3101247150921641,0.472743978891473,0.8405016578320823,0.5366147594851415,0.4942038452429921,0.6788880240367625,0.6655650529831039,0.22936521542536745,0.4419042947315271,0.5401722162053351,0.6722707717077291,0.3605091844121453,0.4710443779530484,0.6820400587025723,0.07199967364379843,0.41642796173114827,0.967567287921042,0.058441483993852614,0.5398503569740191,0.4810088878165166
24,0.4360470485318947,0.4288829984383381,0.2146019277029138,0.39993157203379376,0.31965423680018823,0.2833246686949977,1.0,0.6660721321386562,0.3877740527535689,0.5163827627621368,0.21173805874966253,0.19288830061836534,0.5044826376663691,0.3544002600618578,0.0,0.299595859909687,0.71852472103432,0.5557587560757573,0.4966042850467034,0.5966864781054001,0.3432055499114133,0.5715714301459393,0.5113918776230255,0.58799943288818,0.6138773610186149,0.8296796328141225,0.4904477359095226,0.1174286774855813,0.3333471693643757,0.3781146872220345,0.868975475544582,0.4011204130102519,0.4052365772447809,0.06849905993189481,0.6182286515647397,0.8992352051337301,0.4923126247475612,0.6901041430943117,0.3891321525051287,0.3828682686281314
25,0.3734948360314265,0.14538364129193784,0.6178544065809584,0.7102851911805713,0.09090919580577628,0.5387919991351365,0.4910017064183211,0.5733135317295789,0.3535056354396248,0.4508747896740187,0.9202356883916036,0.6977877364736981,0.511260680074629,0.5962950634673124,0.4169913955775645,0.13309197982161342,0.8736779165355494,0.5291417577215471,0.4438591866618141,0.6869532946885233,0.3478606986777262,0.3199063641485712,0.6795880581566381,0.4952235501504278,0.3994565038082224,0.613546070697547,0.7398432015314079,0.7636629769754348,0.32834581238044275,0.7422672665288365,0.3198985450911554,0.20443997911090214,0.6213834426578242,0.4294105419220545,0.2672076014663816,0.27780783406713994,0.6699344838926811,0.3460256985612216,0.22404666294384065,0.368609057301031
26,0.5125789323682259,0.7754613886082655,0.2094860861553044,0.850345385224034,0.7534080130122083,0.5058937372398097,0.6077846487421718,0.5253076696104019,0.6002505484302514,0.4039680576376517,0.4352089335563036,0.4321918941946504,0.9710485443643806,0.5910842244552658,0.6157703887301861,0.5069708738378668,0.7035470802845833,0.4440031424036789,0.02255188981935069,0.9073223283942816,0.7589745792817736,0.6695139598321495,0.4377985781789403,0.2994769362878206,0.9780278230682901,0.9277057761575012,0.8936625376608122,0.9190563081049664,0.312108144183521,0.3371618713599984,0.6072636073520761,0.4879568901541829,0.7178276825099871,0.8029438459735352,0.4136484543115731,0.4215431909374511,0.6174197509825314,0.7064746837434136,0.07711786123204985,0.4726544137923552
27,0.5307985515458188,0.14996047282133,0.2902860112927553,0.8498568577184957,0.11097511485065326,0.3689266914986168,0.5810770689789838,0.5499855446817637,0.5075723036917541,0.3644336231504133,1.0,0.6059439746716772,0.8668476161839259,0.6429938022855429,0.7509203517094709,0.3948284708405269,0.8235451301411988,0.3887605389521597,0.5318527094212672,0.33330299099754024,0.9108756550845416,0.5760282573103166,0.6091068318027437,0.4694690686318146,0.4192001256967877,0.8340041426302313,0.7691599765478481,0.7380476089949286,0.42305231779976304,0.8001250139611731,0.36327839036972864,0.4404748939878677,0.7791214632862645,1.0,0.4356838385764186,0.2859296660817886,0.6494968420663939,0.6192329219351228,0.2442329798488653,0.07100074083780789
28,0.7195310946347445,0.9330063210176032,0.4144888584912019,1.0,0.29080092411870256,0.3061922809253612,0.3397020831959011,0.7650613044940778,0.610952367969685,0.35516016713565784,0.693700023724444,0.0,0.7984302000424354,0.4999418940824281,0.7426153977843147,0.2450027033149077,0.3507278682408768,0.4824354067337558,0.42825983080952706,0.7347071141730526,0.4857643102263562,0.7299853528163128,0.4027942778986993,0.6762306049048705,0.1230160963026504,0.6978281026393881,0.27331853312212817,0.4470922035146699,0.5146502886023857,0.3524370975496184,0.7362115190502667,0.5034429842637757,0.43404658237371857,0.7807793703350473,0.4216168241308563,0.4481558501396266,0.5041577536152563,0.2283225221960792,0.3200677793019413,0.5429313326656056
29,0.7404420792361245,0.2735090820203148,0.3019032692063933,0.8049456144965567,0.06732424835508445,0.494210406479346,0.191283754572721,0.582727396609055,0.4334842043451012,0.5013867029253071,0.0,0.3973829801671664,0.5967555605155991,0.10085651830407506,0.4611449504434165,0.24240451935050106,0.5783113478047726,0.4578094839587382,0.15321564071361882,0.5604550121405821,0.6251615489092128,0.4156601345230109,0.7723735120597444,0.3603399464539621,0.07177327358752711,0.5603597041432251,0.4640552921858475,0.23817339785086106,1.0,0.4158430606216937,0.12185966522814527,0.29370918780841754,0.3587152221215448,0.6939684691964474,0.2651474025196864,0.5186004876158508,0.6223531406686551,0.6359295613227942,0.11010708064061746,0.08817094961911437
30,0.8182808024301699,0.023811116768859997,0.12799443592088708,0.27028174038948066,0.009456637423696226,0.8268095697137231,0.3104231522451463,0.6479514464091545,0.7478895401135737,0.8200353511081565,0.5202482125019777,0.5614396293252946,0.2043267747758532,0.5506111703659463,0.3645031620758871,0.4745570652002011,0.34768283743041783,0.7280799640487846,0.6532077008257182,0.4961883791134224,0.4761565745518829,0.9131477090382656,0.4241368876491864,0.5107486281996662,0.5745636305757478,0.5039145285993288,0.4467817692447424,0.0,0.812258903803643,0.37616277976975454,0.398505123755756,0.5671344402672115,0.13416523271942274,0.8810895069232978,0.7245938391355774,0.4891814754353408,0.6635601405128034,0.4221168149643361,0.4587062570445992,0.2898089825524705
31,0.6515946207651596,0.6278185607365282,0.6139887646898042,0.6407529149248374,0.13129734024112855,0.30970554602389977,0.43974112125163534,0.7247651385549791,0.7172844507398491,0.0886432920059687,0.2095394217631787,0.44925309221681264,0.6034691515952304,0.5052960962053877,0.9213523652938252,0.7926314821600903,0.9873325280490644,0.5430855495823128,0.4465161718028807,0.36040564511671214,0.7708988646224241,0.3176902383496701,0.2662544498685175,0.2503993947362951,0.5697060737720737,0.9243594807389126,0.48559110268847494,0.8228050611250933,0.5375697398793351,0.3754938543587319,0.3825164637710855,0.3377817375511159,0.5876212862166063,0.9294227907993574,0.6775328430794294,0.3694571480563543,0.9693177135583152,0.4364785319176358,0.17845669741722628,0.7758461651138335
32,0.5503677449770061,0.9887385493490032,0.3957685872194886,0.6309277425885267,0.3981821927087372,0.16717864766753082,0.7666591803504641,0.7553260620076551,0.4972015127489984,0.43250303094885145,0.3108350931473813,0.6911737057359385,0.3392357530424514,0.3953515915108275,0.624691113140598,0.1656743254239091,0.5519571271577967,0.5401701255777854,0.0,0.8135612219639742,0.9397003235845944,0.8239950338924191,0.3955008265935349,0.6199425977384431,0.17652550903785902,0.2455945864870672,0.6129669003138736,0.38215607030297494,0.23359267261753774,0.6340263069899811,0.3436877733365569,0.5452141506124428,0.7410650868655179,0.6038617079851946,0.3678085330520831,0.6889415359820519,0.5743353978083297,0.6358204023822644,0.5577960492130436,0.6464378957123854
33,0.6803757206950665,0.2311909905782603,1.0,0.5332836363833233,0.2431883470531009,0.4706613886356748,0.7276247501499342,0.5600818714762094,0.15044613749542524,0.7837298660943228,0.69998591268371,0.4162697342848548,0.9068749025733488,0.4539914331152912,0.7597798916931504,0.6493586067889978,0.394288818172354,0.4336979757639143,0.5191368891602022,0.4582951586340882,0.6631241954484294,0.4425434705437831,0.9581826140394591,0.28364788718590145,0.6750230475674512,0.6395385105153029,0.7624912303397869,0.6162621568820444,0.5541670188283492,0.18729252515921235,0.992959010678801,0.8046010913289317,0.662040054083084,0.6265029423218846,0.5568671362218398,0.5313472124994278,0.6499701389998841,0.7882267663114849,0.6137538980807978,0.4312627020585569
34,0.7423204482041107,0.9355226320786532,0.3878554967358647,0.6304456711971536,0.22451522211277192,0.6797464744087592,0.6813235830642209,0.6036512995366664,0.4109654699794137,0.15523432991421912,0.04486839579593886,0.39673901001337897,0.7304724448551629,0.8020663240566808,0.3556689656423677,0.7306868619188656,0.25048811858549963,0.4750083772663169,0.577213156407671,0.30055638762867604,0.6595183852192014,0.5114196197886209,0.2445778684280025,0.3808997486171961,0.7538736870104483,0.6597985197325601,0.6408627193077687,0.7831109205438384,0.6883975012939849,0.4772761093431206,0.5315576106401582,0.5609901110155557,0.2706321604306298,0.5853913754538321,0.4960171189231381,0.5603625851893816,0.6404357048416389,1.0,0.7110559605885768,0.6732015583119377
35,0.6507662744864267,0.21461088079529972,0.49922014445940505,0.3497353419792622,0.5852995593477917,0.4047490100214196,0.30741644780823824,1.0,0.4746348131335719,0.6137122874758133,0.12967164148140328,0.308822616033347,0.7558635563906472,0.04548172365266733,1.0,0.7513896700580934,0.21525571297682006,0.5163623487615904,0.383513140291824,0.4146759021726329,0.08022507340201836,0.33438969020861564,0.6801142792490684,0.6353817531853693,0.7665606121397459,0.40625647240984747,0.6062605589308332,0.6571513855426893,0.2697132229123122,0.6389885649374479,0.8845235116393121,0.6642540989293357,0.6443389562604681,0.6494136601307241,0.5460162794776469,0.41671021734765,0.7352804992968204,0.5633085842947058,0.7367474487641209,0.4916618579602829
36,1.0,0.4752844218641312,0.0,0.7336844580248844,0.6201437173544461,0.6938900814786475,0.3324236513925912,0.6819053178951401,0.4928378332501309,0.19264327511985824,0.9673215451904504,0.6136569831372123,0.8081441263438248,0.6817239976818761,0.38608163862865397,0.74067584888254,0.6208679185125957,0.6872418450596771,0.4519015716247483,0.4958145745955329,0.0075585531889521594,0.5268629206883702,0.5012249960223087,0.6504798110550553,0.2564887379749817,0.7158351265291076,0.6174343573183184,0.3233237027842333,0.5961692366941632,0.7123437173518937,0.4898188742882104,0.4668947398695735,0.5489556710037445,0.8620368748086672,0.4367250553926554,0.5417812582760877,0.6513510479446536,0.2896375662629658,0.5413273393430248,0.38976711199180464
37,0.560587501089509,0.2660949446390738,0.6754620554887151,0.6422152984701638,0.3438586192357664,0.12422222932593745,0.9815293268915756,0.2829543645998325,0.4013271951655458,0.7366914158006779,0.8992511975309891,0.7286726752244143,0.4713034164095494,0.62182044655461,0.1731269299210836,0.7308267369882757,0.8801153945332535,0.4581621697550281,0.5066255528207851,0.2955696658168842,0.7381400403088841,0.33656539263624674,0.3065317437682803,0.7281248207410181,0.6246002903646611,0.32041477472701696,0.6166911085134494,0.15248010461764772,0.6194621787641776,0.5908165216261264,0.5654818374454831,0.9321379357844328,0.5527424830812643,0.61758308249671,0.6055198221567806,0.5958167591364324,0.7290885099251186,0.3450859981617321,0.6917143477829649,0.2714463687046368
38,0.8501241603477249,0.9288240363293392,0.4095778800845375,0.5456756517632771,0.05784447915986226,0.5598700026217244,0.5674143434743525,0.6590589807261213,0.34676193957565843,0.3048619702647357,0.7194711530228383,0.29410499029803594,0.9782398597867176,0.7379780593862609,0.1049989640826412,0.5512463649744217,0.27369920427088784,0.2379991839601297,0.21414040158873865,0.6116996083093795,0.10226318824278967,0.5614228203047652,0.4012745390777419,0.8325669118571235,0.2414806432016783,0.28790676338391913,0.6496809202026644,0.36298590386519,0.2566120055038805,0.4837520106972555,0.5584472656194465,0.6252310690991013,0.2281024972016472,0.8214479931321583,0.7548110181549659,0.4078978611032052,0.2644768256482645,0.4936200188655431,0.9512996613264036,0.4794877753545699
39,0.8962202518396932,0.5679451584517731,0.011619805483164663,0.2544765862070871,0.21201722301627265,0.3270729952801107,0.6511118647581836,0.42901539406772704,0.6929635217474356,0.4972426887352464,0.3885992138481383,0.7489356868873648,0.7436568676124763,0.6361547043505302,0.7280707941079244,0.3012104769774885,0.4231077153373082,0.4876127603224583,0.6996144486157393,0.32461063437122306,0.2173814718179602,0.3961306811780373,0.6507751972178027,0.6436309937933697,0.7821759230832113,0.530601346191535,0.7285891173666592,0.3987747475639479,0.23533500483253364,0.3042045806330781,0.18984897228427927,0.4752579407382047,0.6207602172101465,0.0587304898217926,0.6640759165684451,0.31729165213062305,0.37903555537302014,0.7782125689950267,0.3348033451581321,0.22044847961487
40,0.6674427300583664,0.11115457412962204,0.4860148134472758,0.4288910895374749,0.322058524455307,0.549973424729448,0.7623599765269853,0.0,0.469169598462109,0.3195058132961329,0.5251322951924614,0.6605339876251465,0.4918430251203608,0.4121793079923888,0.6991573219310008,0.5278598343952157,0.41969924436786543,0.6023674020732139,0.2865013551199897,0.15256910803716012,0.49566130531724495,0.9156568077125691,0.0,1.0,0.8245657163663657,0.2635037696710064,0.7077154102086819,0.6179774963138214,0.6434739076962729,0.5032778785021054,0.20160983558519927,0.7087658037626781,0.8452076649060991,0.7779950142235453,0.8644764579160428,0.4746581094831179,0.4781080708756003,0.25426980380825864,0.9314498870044242,0.4536160148904199
41,0.7638663979833991,0.623998572664999,0.4413355210899754,0.3927335923578477,0.3532650472378657,0.06788720741643285,0.5889449802883394,0.5245427853272506,0.6011103527169318,0.6322398734094545,0.5396082173996001,0.4990953688377788,0.1873829823807628,0.4213943960143025,0.63913716006157,0.49383700830313704,0.574199293663285,0.5313752755638542,0.33928349873223546,0.4716889832880546,0.7441029399441704,0.04960601451241501,0.560034910997634,0.4534454510852024,0.5482079781442709,0.5430471083945405,0.8341205706321975,0.5236571529925147,0.6944482038254814,0.5818553705325961,0.6033935153912351,0.4867133373615966,0.5268591207370001,0.3322028765683012,0.5418210668152487,0.7265229223157785,0.5818815231471365,0.8192576295892999,0.6684038124278425,0.35493096308606065
42,0.8555984442570206,0.513966555520923,0.3715988497120597,0.597699713180933,0.3378443620026274,0.3088899736028344,0.602611927287085,0.9214532723281378,0.8335457322359312,0.26077898003179395,0.7429829124836077,0.7267116645387991,0.7601664207266589,0.6494620217881629,0.8040508494318586,0.4634101383501349,0.7164841869334345,0.5786167706800704,0.845750346126146,0.0,0.584947521193737,0.5121844790663169,0.14758541347330234,0.5038238001654697,0.4827614621760937,0.7454968663286426,0.4896656788245555,1.0,0.7838722132669785,0.5725197084214659,0.3449959357625058,0.3974515195038157,0.0,0.5854230141367442,0.6091144910243079,0.2857569497970035,0.5729340297014531,0.5080221462128454,0.44910104609881135,0.5968734701335576
43,0.757949198226185,0.3905217274956596,0.6533515947208267,0.5976602085190652,0.651130079704243,0.6520270358624785,0.8680525935063654,0.4235376027029033,0.6358173492049182,0.691775654709446,0.3054948496333396,0.3782727054426258,0.8261133464088483,1.0,0.89252207022249,0.3184452015723995,0.4607963268804578,0.3051970271934523,0.25935911980392995,0.33699834174687,0.5139488931983038,0.8036074200691751,0.6017965460194128,0.4444753807149968,0.4250951855487343,0.6884299453697478,0.6767471514116989,0.6241967572710684,0.6039534133747282,0.6491343271445726,0.4671128109826138,0.3356094879838614,0.4622542540404836,0.7147548953249792,0.38141133859623816,0.18300481306432656,0.5848990010702994,0.635369785556577,0.0,0.38905390477089535
44,0.7015693154889502,0.13432108330468304,0.3084490116195332,0.5962405471734975,0.0,0.5878485114760763,0.32036807451817634,0.7308691409418729,0.1408637616910027,0.6999456298565553,0.6707004666859344,0.610590658096188,0.8748473833108239,0.530331460907036,0.4464730038160801,0.514828031630459,0.4736862272109397,0.7317297656187076,0.6700258505344102,0.2068303928408604,1.0,0.8557130641808215,0.27320421235113024,0.7221795491603801,0.4257365574297008,0.9524547589636988,0.5864202081401401,0.4573091582894114,0.12850262530934986,0.6754889064884988,0.509000282166976,0.9411237617112004,0.2829998845571264,0.6485450755585563,0.28865418408966675,0.9163062857145108,0.3300643631597918,0.759024316899131,0.8704569496898827,0.4757725623663164
45,0.7829447471800991,0.4996686514901124,0.14387458274754308,0.6114113283534078,0.4999965411657039,1.0,0.5076949643946607,0.7914286269144859,0.2404856876116507,0.26672924136166,0.5577859014007635,0.5135441299322622,0.5738706094750171,0.4705880149983088,0.8040576604557359,0.4272675589411675,0.2206248720176526,0.0,0.7890145355546341,0.772023581970189,0.6759338846171963,0.3476301279990931,0.15256577599133436,0.5060982740877449,0.2870162237349394,0.037625730187152234,0.4804944325186265,0.7600018160364344,0.9344178524850754,0.3290952061839947,0.4376285939276862,0.3114654273472026,0.3816411282445028,0.6595384449588262,0.5470448960640676,0.0,0.18120863029505893,0.6223426969283129,0.4288943735627851,0.4899159604238131
46,0.9688193925799524,0.98691962011,0.6857234468058969,0.5775642002328824,0.17018908981726735,0.3026162783024008,0.4954452190754759,0.6265518837737412,0.6814605680941489,0.3951665898163157,0.8785403833929154,0.07241701187865952,0.7371549040742466,0.8609600645565597,0.6428764131981991,0.7261054720211788,0.5437408309590425,0.6488446315551795,0.4378735960732478,0.2457038560997962,0.3533554036425399,0.4062223605288615,0.1537113874954415,0.4692526962495345,0.1655254677599737,0.5302686288685613,1.0,0.465973443373685,0.6761469328108057,0.461838265183343,0.5966141104797252,0.14164947056442548,0.12271353857369052,0.5559660024025591,0.5272865064926571,0.527624906513669,0.3412793294619401,0.33138743560780004,0.3605962198267275,0.2877357544463983
47,0.6846161090584524,0.2725582244873617,0.4449203650276948,0.5546236865379162,0.32301379580999795,0.5617268036491697,0.5529415735754752,0.6775639339068011,0.4768681468183034,0.5703978515449176,0.3810827492448851,0.492041356914182,0.3135942603992316,0.4845870237186961,0.39034300885160506,0.5056641184150319,0.3223907872957733,0.5588269890355971,0.27981630268927465,0.6481269030867257,0.6344508938485454,0.5156553561075448,0.6009664921499426,0.9905449035774512,0.6506520148027582,0.4008795248291231,0.5510404488683304,0.6957789477967498,0.7137970238943346,1.0,0.6735816149999315,0.5200809413490536,0.2733363807323699,0.906505394226521,0.2827496876337324,0.2525387800975147,0.40733773357425335,0.5573246257290072,0.26528668563905783,0.7600412648192956
48,0.6464441654932667,0.8725081684299316,0.6242382628665962,0.2680898523339733,0.3152924190899376,0.6348674467741077,0.7544787406765349,0.6195679148585476,0.26478351822547463,0.3880697446127845,0.6388561423218361,0.2616616091200799,0.970664829521929,0.0,0.5517302005890734,0.5194225606616413,0.0732478824560914,0.36305383364045307,0.5696276544177364,0.6525945577465769,0.7475552304353439,0.8946414025785588,0.805474164008495,0.6440612813450657,0.3737844022985003,0.0,0.6308114788028144,0.37405712623601617,0.6110902610584733,0.5426319307378992,0.5663214050223477,0.4921142506271872,0.5185882259869778,0.6959528875886245,0.4493696216634757,0.7148877672378361,0.3139523801226352,0.2984666462117403,0.6900428411240876,0.0
49,0.8843154169268442,0.11255875525052578,0.08915546605721708,0.2002057876735884,0.3392840216614343,0.4762294715234614,0.6625813931615637,0.6776275950377841,0.6211647177303959,0.6018970583056101,0.6834775911647996,0.4027244285561599,0.9406520433261558,0.4763849076646657,0.326181075764496,0.14865167927272233,0.8777013658943214,0.445753420400322,0.35954495780257234,0.452604949219988,0.4726719485862298,0.8189948208021192,0.607814694273945,0.625517412181916,0.5652363148668874,0.3658463235982958,0.5007081087894669,0.6650642636792559,0.5045982881876355,0.5074603335651928,0.8649499570890654,0.6316252625596974,0.17195595256990734,0.5928866254303781,0.6782558897841354,0.5008893398800837,0.11327215730952088,0.7726428008831192,0.2671123628332203,0.7646134955558329
50,0.7395679766154754,0.6496521755334033,0.1350445324819049,0.4950219484369989,0.4398229288956459,0.7176554836592057,0.7448700740445102,0.14616628820422822,0.567080427057257,0.4765880036756969,0.4638726245783668,0.5423273689106437,0.0,0.9114433972129988,0.36411678153647997,0.800961772782114,0.30578888773680835,0.2140962237082576,0.4620717473394614,0.4408912709239126,0.4652239833003465,0.7182387648101969,0.6553291124970229,0.5532330474029697,0.7760768869525508,0.4596917959288414,0.5861370452421231,0.8367710862668999,0.6622839992184044,0.6327405099635627,0.9889981294598442,0.2821755999732479,0.8569833424016076,0.3965966954908892,0.4347776141970723,0.7635847696017406,0.3622699070175933,0.34076594654204456,0.26091337726893593,0.3727317503756236
51,0.664059977227403,0.8839894000739619,0.4635857520916601,0.5444487842505967,0.4645461522746014,0.5065077425918698,0.8779697477241786,0.2947746788859764,0.0,0.6922220269490926,0.3519058914908009,0.7563212297043239,0.6596713137972424,0.8318999379179014,0.3920107439895234,0.23458745895294336,0.4685302291749727,0.5032447700924364,0.0039094945036068016,0.3698822096916435,0.4810162720755177,0.2781376823169538,0.6523404826051107,0.6351652124298531,0.6369466901222108,0.6230709008507151,0.6676570505303475,0.5745722634495407,0.7222987407293879,0.4199431767483839,0.7805547834435975,0.0,0.4789289776943781,0.7856069429351558,0.2918323726972609,0.5874241070907538,0.5597797988441107,0.4481180779744501,0.0826263587023271,0.5565327870069042
52,0.82170413635404,0.9484111740718464,0.3356641047270124,0.4657929096541816,0.6372910893801875,0.8152189033056403,0.5232080869511048,0.3525468082120385,0.3509988948505918,0.5648448497833791,0.3853606160035192,0.35388650950370265,0.7100405554592503,0.5378017257770931,0.5347466261821797,0.2077000250363759,0.8107378455826153,0.3556967929264002,0.8712673916234654,0.9412646766790664,0.04683767583908627,0.4449907126119627,0.7156625762026114,0.8937602276770938,0.5946418000774885,0.2405864482973478,0.6523176082457987,0.552703358214385,0.7011705848985784,0.6295337187732098,0.7213688898404711,0.3994808779687721,1.0,0.0,0.605802552911844,0.8167113604158699,0.6859312888435783,0.62071245483834,0.4051786845821681,0.3681631194605149
53,0.7689535828876842,0.3937787123709231,0.40044450891393735,0.7635912907485162,0.3831295294248339,0.3904545584158028,0.7342099150144963,0.4937263162003931,0.674524948452774,0.6674128011623057,0.7482925821535125,0.7711039453416507,0.3410105889644155,0.4037169869660535,0.5650838161455519,0.22332612489821455,0.6269745454860082,0.40850855795018987,0.5514117222233417,0.491456952527893,0.7518347759645525,0.7343566456750211,0.3562977490362211,0.5613709614321986,0.6961052771856118,0.6412149661694372,0.9134560114975914,0.7558025622135242,0.30547658891187285,0.4589628430774538,0.2071014641170353,0.7186778771650528,0.5985143862654823,0.379272935631894,0.5560229640811629,0.07476689437098967,0.7717348069074486,0.6632196658085375,0.12978855736272166,0.5302376395834034
54,0.6950742057771601,0.99119903865797,0.07343583307674176,0.5729941190911543,0.42095213871719867,0.482148901195773,0.4055374778935088,0.8311599414994875,0.5491881016987532,0.17513082924405546,0.5124491429719127,0.7954952530399263,0.3746305525498385,0.5348900834369861,0.5907340701713922,0.4775819443117717,0.4262005810851101,0.45382800184246,0.4493361580642288,0.3346690112640554,0.7007142638534638,0.907787544084402,0.5575126836618185,0.21211908042322455,0.4253043109531439,0.7089928841161547,0.3853419813942756,0.8731651084992155,0.6365089510107871,0.2427701035351104,0.7975640861482475,0.4550745606418055,0.5057032951804773,0.4424872172579601,0.3244445398676811,0.5837592010295731,0.3184019928300815,0.5328067965774114,0.945922034968418,0.7348949507521271
